

SET SQL_MODE = "NO_AUTO_VALUE_ON_ZERO";
SET time_zone = "+00:00";





-- --------------------------------------------------------

--
-- Table structure for table bookings
--

CREATE TABLE `bookings` (
  `book_id` int(11) PRIMARY KEY,
  `ticket_id` varchar(30) NOT NULL,
  `t_id` int(11) NOT NULL COMMENT 'theater id',
  `user_id` int(11) NOT NULL,
  `show_id` int(11) NOT NULL,
  `screen_id` int(11) NOT NULL,
  `no_seats` int(3) NOT NULL COMMENT 'number of seats',
  `amount` int(5) NOT NULL,
  `ticket_date` date NOT NULL,
  `date` date NOT NULL,
  `status` int(1) NOT NULL
) ENGINE=InnoDB DEFAULT CHARSET=latin1;

--
-- data for table bookings
--

INSERT INTO `bookings` (`book_id`, `ticket_id`, `t_id`, `user_id`, `show_id`, `screen_id`, `no_seats`, `amount`, `ticket_date`, `date`, `status`) VALUES
(12, 'BKID6369842', 4, 4, 17, 3, 1, 380, '2021-04-15', '2021-04-15', 1),
(13, 'BKID2313964', 6, 5, 21, 6, 4, 2400, '2021-04-16', '2021-04-15', 1),
(14, 'BKID1766021', 6, 5, 22, 6, 2, 1200, '2021-04-16', '2021-04-16', 1);

-- --------------------------------------------------------



--
-- Table structure for table login
--

CREATE TABLE `login` (
  `id` int(11) PRIMARY KEY,
  `user_id` int(11) NOT NULL,
  `username` varchar(50) NOT NULL COMMENT 'email',
  `password` varchar(50) NOT NULL,
  `user_type` int(1) NOT NULL
) ENGINE=InnoDB DEFAULT CHARSET=latin1;

--
--  data for table login
--

INSERT INTO `login` (`id`, `user_id`, `username`, `password`, `user_type`) VALUES
(1, 0, 'admin', 'password', 0),
(2, 3, 'theatre', 'password', 1),
(3, 4, 'theatre2', 'password', 1),
(12, 2, 'harryden@gmail.com', 'password', 2),
(15, 14, 'USR295127', 'PWD195747', 1),
(17, 4, 'bruno@gmail.com', 'password', 2),
(18, 6, 'THR760801', 'PWD649976', 1),
(19, 5, 'james@gmail.com', 'password', 2);



--
-- Table structure for table movies
--

CREATE TABLE `movies` (
  `movie_id` int(11) PRIMARY KEY,
  `t_id` int(11) NOT NULL COMMENT 'theatre id',
  `movie_name` varchar(255) NOT NULL,
  `cast` varchar(500) NOT NULL,
  `desc` varchar(1000) NOT NULL,
  `release_date` date NOT NULL,
  `image` varchar(200) NOT NULL,
  `video_url` varchar(200) NOT NULL,
  `status` int(1) NOT NULL COMMENT '0 means active '
) ENGINE=InnoDB DEFAULT CHARSET=latin1;

--
--data for table movies
--

INSERT INTO `movies` (`movie_id`, `t_id`, `movie_name`, `cast`, `desc`, `release_date`, `image`, `video_url`, `status`) VALUES
(1, 3, 'Avengers: Endgame', 'Elisabeth Moss, Oliver Jackson-Cohen, Aldis Hodge, Storm Reid', 'After the devastating events of Avengers: Infinity War, the universe is in ruins. With the help of remaining allies, the Avengers assemble once more in order to reverse Thanos actions and restore balance to the universe.', '2020-03-04', 'images/avengers.jpg', 'https://www.youtube.com/watch?v=TcMBFSGVi1c', 0),
(11, 6, 'Spider Man: No way home', 'Tom Holland, Zendaya, Benedict Cumberbatch, Jacob Batalon, Jon Favreau, Jamie Foxx, Willem Dafoe, Alfred Molina, Benedict Wong, Tony Revolori, Marisa Tomei, Andrew Garfield, Tobey Maguire', 'With Spider-Man\'s identity now revealed, Peter asks Doctor Strange for help. When a spell goes wrong, dangerous foes from other worlds start to appear, forcing Peter to discover what it truly means to be Spider-Man.', '2021-03-01', 'images/spiderman.jpg', 'https://www.https://www.youtube.com/watch?v=JfVOs4VSpmA', 0),
(12, 6, 'Godzilla vs. Kong', 'Millie Bobby Brown, Alexander Skarsgard, Rebecca Hall', 'The initial confrontation between the two titans -- instigated by unseen forces -- is only the beginning of the mystery that lies deep within the core of the planet.', '2021-03-31', 'images/gvkpster.jpg', 'https://www.youtube.com/watch?v=odM92ap8_c0', 0);
-- --------------------------------------------------------

--
-- Table structure for table news
--

CREATE TABLE `news` (
  `news_id` int(11) PRIMARY KEY,
  `name` varchar(100) NOT NULL,
  `cast` varchar(100) NOT NULL,
  `news_date` date NOT NULL,
  `description` varchar(200) NOT NULL,
  `attachment` varchar(200) NOT NULL
) ENGINE=InnoDB DEFAULT CHARSET=latin1;

--
-- data for table news
--

INSERT INTO `news` (`news_id`, `name`, `cast`, `news_date`, `description`, `attachment`) VALUES
(3, 'Black Widow', 'Scarlett Johansson, Florence Pugh, David Harbour, Rachel Weisz', '2021-07-09', 'At birth the Black Widow (aka Natasha Romanova) is given to the KGB, which grooms her to become its ultimate operative.', 'news_images/blackwidow.jpg'),
(9, 'Shang-Chi and the Legend of the Ten Rings', 'Simu Liu, Awkwafina, Tony Leung, Fala Chen, Micheele Yeoh', '2021-09-14', 'Shang-Chi is a master of numerous unarmed and weaponry-based wushu styles, including the use of the gun, nunchaku, and jian.', 'news_images/shangchi.jpg'),
(10, 'The Eternals', 'Richard Madden, Salma Hayek, Angelina Jolie, Kit Harrington', '2021-11-04', 'The saga of the eternals, a race of immortal beings who lived on earth and shaped its history and civilizations.', 'news_images/eternals.jpg');

-- --------------------------------------------------------

--
-- Table structure for table registration
--

CREATE TABLE `registration` (
  `user_id` int(11) PRIMARY KEY,
  `name` varchar(50) NOT NULL,
  `email` varchar(50) NOT NULL,
  `phone` varchar(12) NOT NULL,
  `age` int(2) NOT NULL,
  `gender` varchar(10) NOT NULL
) ENGINE=InnoDB DEFAULT CHARSET=latin1;

--
--data for table registration
--

INSERT INTO `registration` (`user_id`, `name`, `email`, `phone`, `age`, `gender`) VALUES
(2, 'Harry Den', 'harryden@gmail.com', '1247778540', 22, 'gender'),
(4, 'Bruno', 'bruno@gmail.com', '7451112450', 30, 'gender'),
(5, 'James', 'james@gmail.com', '7124445696', 25, 'gender');

-- --------------------------------------------------------

--
-- Table structure for table screens
--

CREATE TABLE `screens` (
  `screen_id` int(11) PRIMARY KEY,
  `t_id` int(11) NOT NULL COMMENT 'theatre id',
  `screen_name` varchar(110) NOT NULL,
  `seats` int(11) NOT NULL COMMENT 'number of seats',
  `charge` int(11) NOT NULL
) ENGINE=InnoDB DEFAULT CHARSET=latin1;

--
-- data for table screens
--

INSERT INTO `screens` (`screen_id`, `t_id`, `screen_name`, `seats`, `charge`) VALUES
(1, 3, 'Screen 1', 100, 350),
(2, 3, 'Screen 2', 150, 310),
(3, 4, 'Screen 1', 200, 380),
(4, 14, 'Screen1', 34, 250),
(5, 6, 'Demo Screen', 150, 300),
(6, 6, 'IMX Screen', 200, 600);

-- --------------------------------------------------------

--
-- Table structure for table shows
--

CREATE TABLE `shows` (
  `s_id` int(11) PRIMARY KEY,
  `st_id` int(11) NOT NULL,
  `theatre_id` int(11) NOT NULL,
  `movie_id` int(11) NOT NULL,
  `start_date` date NOT NULL,
  `status` int(11) NOT NULL,
  `r_status` int(11) NOT NULL
) ENGINE=InnoDB DEFAULT CHARSET=latin1;

--
-- data for table shows
--

INSERT INTO `shows` (`s_id`, `st_id`, `theatre_id`, `movie_id`, `start_date`, `status`, `r_status`) VALUES
(19, 15, 6, 11, '2021-04-15', 0, 1),
(20, 20, 6, 13, '2021-04-15', 0, 1),
(21, 19, 6, 12, '2021-03-31', 1, 1),
(22, 18, 6, 17, '2021-04-16', 1, 1);

-- --------------------------------------------------------

--
-- Table structure for table `tbl_show_time`
--

CREATE TABLE `showing_time` (
  `st_id` int(11) PRIMARY KEY,
  `screen_id` int(11) NOT NULL,
  `name` varchar(40) NOT NULL,
  `start_time` time NOT NULL
) ENGINE=InnoDB DEFAULT CHARSET=latin1;

--
-- data for table showing_time
--

INSERT INTO `showing_time` (`st_id`, `screen_id`, `name`, `start_time`) VALUES
(1, 1, 'Noon', '10:00:00'),
(2, 1, 'Matinee', '14:00:00'),
(3, 1, 'First', '18:00:00'),
(4, 1, 'Second', '21:00:00'),
(5, 2, 'Noon', '10:00:00'),
(6, 2, 'Matinee', '14:00:00'),
(7, 2, 'First', '18:00:00'),
(8, 2, 'Second', '21:00:00'),
(9, 3, 'Noon', '10:00:00'),
(10, 3, 'Matinee', '14:00:00'),
(11, 3, 'First', '18:00:00'),
(12, 3, 'Second', '21:00:00'),
(14, 4, 'Noon', '12:03:00'),
(15, 5, 'First', '00:08:00'),
(16, 5, 'Second', '15:10:00'),
(17, 5, 'Others', '18:10:00'),
(18, 6, 'Noon', '00:02:00'),
(19, 6, 'First', '06:35:00'),
(20, 6, 'Second', '09:18:00'),
(21, 5, 'Matinee', '20:04:00');

-- --------------------------------------------------------

--
-- Table structure for table cinemas
--

CREATE TABLE `cinemas` (
  `id` int(11) PRIMARY KEY,
  `name` varchar(100) NOT NULL,
  `address` varchar(100) NOT NULL,
  `place` varchar(100) NOT NULL,
  `state` varchar(50) NOT NULL,
  `pin` int(11) NOT NULL
) ENGINE=InnoDB DEFAULT CHARSET=latin1;

--
--  data for table cinemas

INSERT INTO `cinemas` (`id`, `name`, `address`, `place`, `state`, `pin`) VALUES
(3, 'Stevenage', '11500 Ash St', 'Leawd', 'DM', 691523),
(4, 'Hatfield', '3900 Dallas Parkway Suite 500 Plano', '12 Street, Ep', 'UD', 691523),
(5, 'Midtown Cinemas', 'Aue', 'Charles Street, EUS', 'DMM', 691523),
(6, 'Riverview Theater', '3800 42nd Ave S', 'Minneapolis, MN 55406', 'Minnesot', 224450);



--
-- AUTO_INCREMENT for table bookings
--
ALTER TABLE `bookings`
  MODIFY `book_id` int(11) NOT NULL AUTO_INCREMENT, AUTO_INCREMENT=15;

--
-- AUTO_INCREMENT for table login
--
ALTER TABLE `login`
  MODIFY `id` int(11) NOT NULL AUTO_INCREMENT, AUTO_INCREMENT=20;
--
-- AUTO_INCREMENT for table movies
--
ALTER TABLE `movies`
  MODIFY `movie_id` int(11) NOT NULL AUTO_INCREMENT, AUTO_INCREMENT=18;
--
-- AUTO_INCREMENT for table news
--
ALTER TABLE `news`
  MODIFY `news_id` int(11) NOT NULL AUTO_INCREMENT, AUTO_INCREMENT=11;

--
-- AUTO_INCREMENT for table screens
--
ALTER TABLE `screens`
  MODIFY `screen_id` int(11) NOT NULL AUTO_INCREMENT, AUTO_INCREMENT=7;
--
-- AUTO_INCREMENT for table shows
--
ALTER TABLE `shows`
  MODIFY `s_id` int(11) NOT NULL AUTO_INCREMENT, AUTO_INCREMENT=23;
--
-- AUTO_INCREMENT for table showing_time
--
ALTER TABLE `showing_time`
  MODIFY `st_id` int(11) NOT NULL AUTO_INCREMENT, AUTO_INCREMENT=22;
--
-- AUTO_INCREMENT for table cinemas
--
ALTER TABLE `cinemas`
  MODIFY `id` int(11) NOT NULL AUTO_INCREMENT, AUTO_INCREMENT=7;

